"((0, 30), (96, 43), (63, 92))","(64, 81)","(16, 96)","(73, 90)","(20, 90)","(12, 86)","(1, 61)","(22, 38)","(70, 33)","(81, 8)","(48, 66)","(59, 48)","(70, 54)","(38, 22)","(63, 21)","(15, 32)","(98, 97)","(24, 99)","(8, 54)","(26, 90)","(17, 66)","(36, 73)","(29, 40)","(14, 30)","(59, 90)","(8, 81)","(74, 32)","(39, 4)","(73, 6)","(99, 28)","(84, 3)","(21, 11)","(97, 12)","(25, 94)","(11, 43)","(96, 53)","(4, 68)","(48, 46)","(29, 97)","(78, 90)","(22, 39)","(60, 81)","(43, 16)","(14, 93)","(82, 60)","(25, 14)","(98, 22)","(63, 59)","(11, 24)","(58, 93)","(41, 37)"
"((87, 68), (12, 7), (90, 45))","(37, 15)","(6, 36)","(20, 93)","(65, 18)","(25, 22)","(37, 54)","(20, 65)","(1, 94)","(54, 12)","(20, 16)","(89, 15)","(46, 44)","(93, 9)","(64, 98)","(6, 44)","(10, 66)","(66, 62)","(79, 59)","(45, 91)","(8, 78)","(87, 42)","(12, 42)","(0, 77)","(25, 76)","(51, 85)","(44, 89)","(6, 3)","(37, 56)","(86, 6)","(2, 25)","(8, 41)","(10, 99)","(34, 66)","(0, 98)","(53, 18)","(27, 8)","(45, 23)","(3, 78)","(21, 35)","(18, 42)","(0, 6)","(2, 9)","(23, 44)","(58, 93)","(27, 96)","(93, 96)","(36, 47)","(60, 38)","(34, 53)","(48, 76)"
"((72, 12), (11, 36), (7, 23))","(25, 96)","(56, 16)","(73, 35)","(72, 99)","(55, 87)","(89, 28)","(91, 25)","(10, 12)","(77, 99)","(93, 28)","(46, 20)","(91, 46)","(21, 58)","(97, 65)","(35, 26)","(5, 49)","(40, 10)","(7, 92)","(95, 98)","(54, 33)","(75, 71)","(72, 47)","(27, 79)","(3, 94)","(71, 55)","(42, 80)","(63, 54)","(81, 74)","(23, 51)","(13, 89)","(81, 22)","(86, 64)","(76, 35)","(0, 43)","(72, 25)","(80, 5)","(76, 50)","(80, 75)","(21, 35)","(55, 24)","(99, 6)","(32, 68)","(69, 90)","(34, 44)","(21, 50)","(81, 67)","(57, 73)","(82, 11)","(43, 83)","(1, 22)"
"((21, 65), (37, 9), (43, 43))","(7, 90)","(65, 49)","(15, 91)","(34, 25)","(8, 58)","(29, 32)","(57, 48)","(33, 2)","(64, 29)","(72, 48)","(8, 76)","(41, 76)","(65, 21)","(35, 17)","(81, 75)","(39, 11)","(91, 49)","(62, 71)","(52, 42)","(63, 76)","(40, 19)","(99, 21)","(25, 49)","(40, 98)","(45, 94)","(89, 33)","(29, 46)","(49, 55)","(48, 65)","(18, 61)","(69, 42)","(41, 90)","(39, 10)","(97, 79)","(3, 60)","(42, 52)","(24, 43)","(8, 4)","(39, 31)","(80, 17)","(90, 58)","(1, 53)","(61, 80)","(74, 16)","(41, 74)","(30, 83)","(41, 83)","(37, 37)","(20, 63)","(31, 2)"
"((56, 77), (84, 87), (82, 38))","(97, 93)","(51, 4)","(17, 12)","(78, 92)","(69, 28)","(73, 65)","(62, 65)","(76, 27)","(41, 27)","(2, 20)","(74, 36)","(26, 23)","(98, 97)","(49, 31)","(60, 3)","(12, 70)","(17, 5)","(31, 28)","(58, 18)","(5, 73)","(60, 79)","(37, 87)","(30, 14)","(22, 34)","(93, 85)","(48, 4)","(10, 17)","(53, 52)","(42, 25)","(24, 89)","(56, 60)","(24, 37)","(58, 63)","(37, 4)","(97, 18)","(44, 49)","(97, 76)","(41, 56)","(34, 72)","(2, 49)","(22, 82)","(11, 55)","(8, 7)","(95, 36)","(11, 12)","(22, 36)","(94, 28)","(11, 15)","(16, 8)","(5, 41)"
"((87, 68), (7, 17), (11, 100))","(75, 51)","(91, 74)","(91, 10)","(64, 96)","(73, 38)","(32, 0)","(38, 4)","(83, 45)","(55, 59)","(4, 57)","(14, 61)","(3, 0)","(84, 80)","(44, 41)","(27, 0)","(39, 32)","(91, 15)","(75, 65)","(78, 94)","(14, 88)","(34, 36)","(70, 35)","(16, 58)","(33, 80)","(41, 26)","(43, 23)","(74, 99)","(8, 96)","(33, 34)","(68, 92)","(80, 57)","(12, 5)","(94, 50)","(20, 76)","(37, 59)","(59, 53)","(72, 89)","(16, 42)","(54, 87)","(61, 10)","(77, 85)","(60, 20)","(6, 43)","(30, 10)","(38, 66)","(59, 40)","(32, 74)","(87, 53)","(69, 53)","(24, 24)"
"((47, 56), (100, 65), (24, 94))","(65, 37)","(87, 77)","(40, 87)","(16, 32)","(89, 19)","(81, 42)","(14, 80)","(30, 3)","(20, 99)","(98, 70)","(48, 63)","(76, 76)","(96, 88)","(66, 29)","(97, 10)","(87, 64)","(42, 41)","(98, 36)","(50, 54)","(45, 9)","(87, 12)","(35, 84)","(18, 28)","(87, 15)","(27, 6)","(85, 69)","(30, 78)","(42, 19)","(22, 40)","(13, 16)","(15, 7)","(5, 36)","(42, 34)","(35, 83)","(32, 29)","(1, 35)","(89, 14)","(52, 65)","(69, 75)","(35, 46)","(54, 29)","(69, 23)","(5, 84)","(76, 7)","(80, 32)","(59, 31)","(54, 50)","(36, 44)","(88, 79)","(39, 64)"
"((53, 5), (54, 71), (82, 87))","(62, 81)","(73, 87)","(58, 62)","(63, 89)","(46, 63)","(80, 28)","(58, 37)","(68, 69)","(87, 52)","(37, 39)","(16, 71)","(8, 36)","(71, 22)","(49, 31)","(31, 80)","(87, 15)","(69, 15)","(28, 23)","(51, 79)","(93, 21)","(70, 96)","(34, 99)","(2, 10)","(30, 20)","(36, 42)","(8, 84)","(31, 58)","(45, 48)","(8, 35)","(39, 68)","(76, 96)","(93, 60)","(13, 49)","(46, 49)","(99, 17)","(27, 5)","(12, 23)","(58, 78)","(4, 22)","(29, 39)","(24, 55)","(73, 45)","(4, 25)","(0, 6)","(97, 51)","(24, 73)","(78, 41)","(39, 55)","(26, 67)","(34, 59)"
"((11, 97), (76, 37), (61, 46))","(74, 43)","(76, 40)","(21, 13)","(25, 32)","(36, 68)","(6, 88)","(39, 94)","(89, 19)","(5, 65)","(78, 83)","(8, 3)","(16, 44)","(17, 76)","(41, 67)","(64, 47)","(64, 50)","(60, 37)","(30, 33)","(4, 48)","(34, 58)","(71, 22)","(58, 70)","(3, 73)","(78, 21)","(25, 46)","(35, 50)","(33, 4)","(90, 56)","(76, 2)","(25, 55)","(81, 56)","(42, 13)","(4, 87)","(46, 1)","(19, 87)","(73, 70)","(70, 50)","(81, 22)","(68, 34)","(93, 54)","(7, 24)","(95, 36)","(9, 6)","(0, 9)","(43, 7)","(80, 29)","(5, 90)","(99, 18)","(89, 41)","(1, 16)"
"((40, 78), (59, 61), (94, 52))","(0, 48)","(39, 30)","(82, 41)","(87, 92)","(3, 89)","(30, 18)","(8, 76)","(37, 27)","(24, 66)","(3, 95)","(61, 88)","(50, 94)","(97, 10)","(58, 52)","(98, 94)","(20, 65)","(18, 77)","(35, 93)","(77, 74)","(79, 93)","(74, 60)","(15, 93)","(13, 47)","(79, 41)","(19, 2)","(14, 82)","(34, 88)","(68, 59)","(27, 15)","(65, 66)","(24, 10)","(45, 54)","(90, 80)","(79, 19)","(68, 92)","(56, 20)","(64, 27)","(82, 97)","(28, 7)","(83, 68)","(42, 67)","(58, 81)","(28, 77)","(28, 83)","(98, 7)","(12, 99)","(5, 87)","(65, 16)","(16, 63)","(39, 0)"
"((67, 4), (43, 95), (98, 95))","(84, 78)","(59, 70)","(3, 65)","(5, 1)","(86, 29)","(50, 98)","(20, 99)","(43, 3)","(53, 44)","(44, 75)","(24, 11)","(47, 95)","(56, 49)","(95, 59)","(32, 82)","(19, 33)","(97, 65)","(24, 84)","(47, 15)","(96, 11)","(70, 87)","(26, 56)","(71, 0)","(5, 94)","(2, 10)","(63, 60)","(30, 90)","(35, 25)","(74, 96)","(2, 22)","(31, 70)","(63, 78)","(73, 79)","(77, 12)","(29, 88)","(38, 42)","(21, 35)","(17, 10)","(29, 39)","(90, 61)","(74, 77)","(40, 48)","(9, 21)","(35, 6)","(73, 51)","(23, 41)","(61, 92)","(48, 70)","(72, 6)","(69, 53)"
"((77, 57), (29, 72), (63, 74))","(6, 15)","(67, 77)","(57, 99)","(7, 99)","(18, 47)","(8, 73)","(98, 0)","(92, 30)","(5, 28)","(43, 79)","(20, 60)","(84, 56)","(32, 27)","(6, 5)","(31, 7)","(13, 38)","(53, 25)","(50, 60)","(91, 73)","(52, 72)","(28, 72)","(99, 59)","(37, 32)","(98, 14)","(95, 3)","(43, 32)","(20, 6)","(74, 99)","(12, 63)","(80, 5)","(65, 50)","(87, 26)","(98, 56)","(45, 32)","(42, 73)","(17, 19)","(59, 28)","(74, 13)","(94, 25)","(31, 99)","(53, 36)","(32, 10)","(55, 42)","(57, 73)","(4, 37)","(25, 17)","(70, 49)","(31, 2)","(0, 33)","(50, 43)"
"((78, 62), (87, 71), (40, 84))","(80, 7)","(20, 20)","(24, 51)","(21, 86)","(55, 44)","(90, 11)","(84, 1)","(86, 50)","(38, 65)","(13, 78)","(17, 91)","(13, 23)","(57, 23)","(39, 72)","(30, 97)","(5, 43)","(80, 58)","(15, 81)","(73, 25)","(55, 19)","(83, 5)","(87, 27)","(65, 63)","(25, 58)","(34, 91)","(11, 65)","(54, 45)","(29, 46)","(94, 26)","(93, 91)","(55, 46)","(75, 31)","(13, 77)","(68, 89)","(89, 66)","(52, 47)","(38, 88)","(36, 60)","(81, 98)","(74, 56)","(58, 81)","(92, 22)","(26, 55)","(7, 54)","(8, 19)","(79, 67)","(94, 92)","(52, 86)","(25, 75)","(28, 98)"
"((4, 55), (28, 52), (15, 85))","(99, 36)","(67, 7)","(53, 69)","(14, 65)","(95, 90)","(22, 87)","(31, 29)","(91, 80)","(6, 99)","(22, 93)","(37, 97)","(99, 46)","(30, 79)","(43, 15)","(93, 34)","(5, 34)","(50, 36)","(72, 11)","(20, 19)","(22, 77)","(66, 56)","(70, 72)","(42, 1)","(43, 2)","(51, 73)","(71, 55)","(45, 42)","(58, 94)","(14, 39)","(88, 92)","(57, 89)","(5, 51)","(25, 33)","(30, 47)","(19, 47)","(82, 30)","(80, 63)","(7, 24)","(42, 0)","(35, 52)","(97, 99)","(3, 20)","(57, 55)","(94, 80)","(10, 10)","(66, 73)","(22, 45)","(86, 54)","(97, 57)","(41, 95)"
"((75, 45), (100, 68), (96, 49))","(8, 52)","(67, 77)","(24, 54)","(65, 3)","(43, 6)","(23, 34)","(33, 75)","(5, 86)","(62, 1)","(92, 36)","(53, 56)","(12, 46)","(98, 88)","(58, 40)","(75, 26)","(91, 43)","(64, 50)","(19, 88)","(39, 14)","(73, 25)","(45, 73)","(84, 83)","(81, 41)","(46, 47)","(22, 25)","(14, 76)","(60, 15)","(41, 63)","(67, 85)","(27, 18)","(61, 93)","(30, 31)","(9, 34)","(69, 54)","(15, 25)","(19, 47)","(39, 34)","(33, 52)","(42, 9)","(6, 98)","(8, 71)","(76, 74)","(2, 3)","(17, 83)","(90, 3)","(51, 29)","(60, 29)","(7, 60)","(15, 73)","(72, 9)"
"((88, 94), (73, 84), (37, 58))","(35, 36)","(73, 87)","(39, 91)","(95, 35)","(99, 25)","(51, 77)","(44, 72)","(90, 69)","(75, 32)","(28, 42)","(51, 58)","(52, 57)","(15, 44)","(82, 46)","(20, 86)","(42, 68)","(8, 60)","(62, 40)","(99, 24)","(11, 68)","(2, 53)","(46, 56)","(11, 65)","(75, 80)","(63, 51)","(41, 87)","(50, 29)","(99, 19)","(15, 13)","(74, 87)","(42, 89)","(20, 3)","(90, 28)","(87, 11)","(59, 59)","(51, 48)","(99, 46)","(89, 11)","(48, 37)","(31, 39)","(11, 64)","(20, 97)","(65, 68)","(64, 99)","(41, 19)","(33, 76)","(33, 24)","(36, 47)","(25, 81)","(71, 78)"
"((81, 21), (90, 30), (34, 1))","(35, 42)","(21, 83)","(31, 87)","(25, 44)","(60, 89)","(87, 52)","(7, 68)","(8, 91)","(48, 20)","(53, 4)","(29, 71)","(3, 52)","(30, 99)","(60, 43)","(78, 64)","(64, 16)","(75, 50)","(58, 70)","(84, 34)","(17, 66)","(99, 76)","(53, 83)","(50, 14)","(21, 36)","(89, 88)","(66, 71)","(53, 49)","(7, 61)","(44, 22)","(81, 77)","(43, 32)","(64, 64)","(28, 50)","(67, 11)","(71, 33)","(27, 66)","(72, 37)","(70, 13)","(30, 1)","(44, 61)","(70, 83)","(26, 52)","(48, 58)","(99, 9)","(27, 81)","(65, 71)","(33, 15)","(99, 82)","(49, 69)","(21, 4)"
"((64, 11), (80, 1), (61, 52))","(25, 38)","(24, 42)","(78, 16)","(4, 15)","(10, 0)","(99, 28)","(58, 83)","(81, 54)","(11, 75)","(5, 83)","(65, 15)","(89, 46)","(24, 21)","(88, 78)","(35, 75)","(23, 52)","(16, 74)","(49, 74)","(70, 54)","(25, 37)","(56, 85)","(33, 4)","(59, 81)","(22, 31)","(38, 61)","(68, 68)","(89, 42)","(89, 97)","(11, 19)","(74, 81)","(25, 70)","(73, 61)","(49, 6)","(11, 25)","(25, 94)","(3, 69)","(81, 46)","(9, 9)","(25, 51)","(89, 32)","(44, 3)","(83, 25)","(61, 89)","(9, 85)","(86, 51)","(23, 47)","(99, 21)","(46, 82)","(25, 87)","(91, 53)"
"((62, 8), (30, 98), (34, 7))","(65, 46)","(59, 64)","(10, 49)","(91, 10)","(34, 83)","(88, 21)","(94, 18)","(96, 18)","(1, 67)","(51, 25)","(10, 85)","(24, 17)","(66, 26)","(54, 64)","(50, 45)","(64, 7)","(35, 38)","(94, 63)","(2, 41)","(82, 98)","(18, 40)","(2, 56)","(43, 66)","(3, 27)","(85, 20)","(38, 6)","(93, 97)","(81, 16)","(77, 3)","(7, 70)","(74, 44)","(90, 98)","(79, 37)","(5, 57)","(64, 18)","(31, 21)","(64, 21)","(80, 5)","(36, 8)","(72, 92)","(86, 85)","(99, 23)","(89, 87)","(75, 21)","(85, 25)","(3, 38)","(82, 66)","(84, 63)","(14, 50)","(85, 95)"
"((62, 8), (4, 55), (7, 78))","(49, 29)","(86, 78)","(0, 48)","(37, 76)","(86, 32)","(31, 96)","(97, 90)","(38, 44)","(89, 92)","(24, 11)","(94, 30)","(65, 88)","(90, 87)","(42, 41)","(82, 83)","(93, 58)","(96, 54)","(33, 50)","(92, 8)","(43, 2)","(81, 47)","(89, 88)","(33, 7)","(44, 7)","(99, 13)","(47, 94)","(78, 42)","(88, 10)","(80, 33)","(8, 26)","(39, 65)","(73, 6)","(89, 51)","(28, 44)","(54, 2)","(4, 44)","(19, 32)","(49, 88)","(31, 76)","(27, 63)","(67, 78)","(15, 40)","(84, 33)","(78, 23)","(26, 49)","(22, 30)","(71, 57)","(58, 35)","(44, 76)","(49, 60)"
"((25, 23), (58, 1), (92, 6))","(75, 54)","(78, 10)","(31, 81)","(31, 87)","(16, 96)","(52, 55)","(67, 83)","(75, 5)","(28, 12)","(97, 96)","(8, 70)","(50, 24)","(52, 24)","(4, 39)","(70, 99)","(89, 49)","(76, 85)","(35, 81)","(68, 90)","(59, 63)","(4, 60)","(49, 86)","(87, 73)","(87, 76)","(10, 42)","(61, 60)","(15, 99)","(5, 64)","(22, 28)","(64, 37)","(95, 40)","(63, 45)","(87, 99)","(5, 24)","(41, 90)","(60, 36)","(99, 67)","(16, 97)","(95, 24)","(20, 30)","(40, 91)","(45, 90)","(23, 29)","(78, 90)","(85, 71)","(21, 47)","(17, 86)","(39, 58)","(36, 99)","(37, 98)"
"((89, 4), (7, 81), (11, 39))","(56, 13)","(4, 3)","(96, 6)","(85, 9)","(45, 37)","(51, 77)","(74, 76)","(50, 30)","(74, 85)","(25, 13)","(42, 29)","(70, 45)","(51, 98)","(28, 45)","(75, 38)","(92, 48)","(13, 29)","(96, 51)","(4, 5)","(48, 29)","(12, 70)","(3, 67)","(61, 60)","(68, 41)","(28, 11)","(50, 5)","(56, 88)","(6, 41)","(11, 16)","(17, 84)","(81, 65)","(36, 91)","(14, 42)","(91, 33)","(60, 39)","(73, 6)","(6, 68)","(62, 70)","(82, 12)","(88, 95)","(33, 98)","(47, 66)","(86, 85)","(74, 59)","(31, 27)","(77, 88)","(60, 84)","(27, 26)","(47, 93)","(1, 83)"
"((37, 61), (3, 1), (17, 61))","(18, 90)","(76, 55)","(98, 55)","(23, 80)","(45, 19)","(69, 10)","(45, 80)","(15, 45)","(94, 18)","(36, 28)","(90, 27)","(84, 62)","(83, 99)","(19, 36)","(5, 58)","(84, 19)","(14, 58)","(71, 92)","(90, 99)","(43, 45)","(70, 75)","(83, 66)","(27, 21)","(75, 80)","(0, 74)","(25, 70)","(77, 55)","(24, 13)","(85, 93)","(47, 48)","(83, 41)","(90, 37)","(58, 69)","(51, 57)","(84, 33)","(37, 80)","(78, 17)","(43, 65)","(0, 3)","(62, 45)","(99, 35)","(98, 74)","(75, 79)","(35, 12)","(44, 85)","(32, 83)","(75, 33)","(66, 30)","(8, 95)","(39, 15)"
"((15, 24), (0, 45), (38, 35))","(26, 39)","(10, 46)","(68, 99)","(69, 22)","(88, 5)","(54, 98)","(36, 92)","(26, 57)","(94, 91)","(91, 28)","(85, 18)","(4, 99)","(51, 34)","(30, 97)","(45, 70)","(14, 6)","(23, 18)","(99, 47)","(50, 66)","(89, 82)","(29, 31)","(83, 72)","(63, 99)","(38, 46)","(77, 31)","(76, 14)","(44, 13)","(94, 90)","(10, 84)","(57, 77)","(16, 9)","(43, 84)","(82, 73)","(49, 73)","(19, 93)","(76, 32)","(82, 21)","(16, 24)","(72, 89)","(34, 81)","(88, 61)","(31, 97)","(74, 10)","(62, 54)","(84, 57)","(60, 35)","(74, 34)","(7, 63)","(10, 86)","(66, 94)"
"((99, 94), (4, 49), (93, 47))","(29, 72)","(63, 13)","(10, 34)","(76, 46)","(67, 74)","(53, 81)","(99, 19)","(20, 90)","(54, 31)","(1, 58)","(42, 63)","(81, 45)","(63, 49)","(36, 92)","(80, 92)","(68, 75)","(10, 88)","(41, 42)","(98, 42)","(76, 51)","(19, 11)","(5, 18)","(81, 53)","(18, 52)","(37, 29)","(5, 30)","(88, 16)","(45, 39)","(71, 70)","(7, 58)","(1, 72)","(98, 23)","(24, 74)","(40, 9)","(21, 60)","(64, 70)","(40, 76)","(15, 86)","(20, 21)","(23, 26)","(30, 13)","(37, 28)","(88, 70)","(32, 77)","(78, 44)","(66, 76)","(90, 73)","(0, 85)","(24, 82)","(47, 44)"
"((0, 91), (43, 98), (20, 8))","(6, 82)","(18, 20)","(44, 45)","(42, 60)","(0, 60)","(61, 76)","(2, 60)","(42, 23)","(79, 75)","(38, 10)","(65, 91)","(60, 40)","(45, 61)","(79, 26)","(63, 15)","(67, 67)","(74, 60)","(87, 79)","(44, 56)","(44, 50)","(13, 53)","(70, 87)","(80, 27)","(2, 10)","(32, 78)","(20, 58)","(32, 23)","(67, 51)","(80, 99)","(40, 67)","(61, 41)","(69, 48)","(7, 73)","(87, 75)","(45, 11)","(99, 66)","(12, 75)","(62, 79)","(38, 94)","(67, 14)","(93, 63)","(9, 0)","(54, 26)","(53, 30)","(39, 43)","(80, 87)","(77, 99)","(9, 21)","(69, 41)","(37, 98)"
"((51, 38), (20, 11), (100, 59))","(4, 58)","(95, 17)","(96, 49)","(2, 30)","(87, 19)","(38, 32)","(74, 6)","(57, 2)","(98, 73)","(83, 30)","(46, 8)","(66, 26)","(43, 24)","(94, 42)","(50, 39)","(0, 18)","(74, 48)","(58, 9)","(23, 82)","(4, 72)","(93, 70)","(27, 67)","(22, 86)","(90, 1)","(69, 91)","(13, 62)","(75, 83)","(14, 36)","(97, 52)","(43, 81)","(49, 12)","(35, 83)","(6, 74)","(0, 98)","(11, 37)","(53, 76)","(72, 31)","(49, 39)","(92, 80)","(76, 59)","(45, 29)","(80, 93)","(24, 64)","(88, 67)","(66, 12)","(9, 82)","(4, 37)","(76, 19)","(61, 34)","(16, 23)"
"((43, 37), (29, 78), (82, 87))","(23, 1)","(95, 84)","(72, 21)","(14, 7)","(57, 99)","(53, 81)","(38, 96)","(53, 90)","(41, 3)","(9, 69)","(86, 35)","(16, 44)","(8, 12)","(12, 28)","(50, 12)","(54, 0)","(49, 16)","(45, 61)","(9, 41)","(1, 39)","(78, 67)","(87, 15)","(37, 11)","(18, 86)","(99, 76)","(23, 79)","(25, 55)","(70, 81)","(28, 78)","(9, 13)","(21, 45)","(92, 35)","(5, 88)","(46, 13)","(88, 25)","(96, 26)","(71, 73)","(33, 86)","(26, 86)","(80, 72)","(3, 14)","(0, 49)","(58, 69)","(54, 84)","(83, 19)","(40, 54)","(60, 81)","(38, 60)","(52, 22)","(75, 91)"
"((97, 17), (87, 10), (18, 26))","(45, 16)","(37, 6)","(42, 66)","(22, 90)","(58, 83)","(87, 40)","(89, 31)","(25, 7)","(36, 34)","(45, 49)","(37, 99)","(36, 98)","(83, 33)","(85, 24)","(68, 17)","(94, 36)","(43, 91)","(15, 5)","(70, 54)","(92, 54)","(20, 74)","(40, 89)","(31, 25)","(72, 90)","(39, 41)","(65, 57)","(12, 33)","(13, 59)","(26, 1)","(67, 99)","(24, 10)","(9, 92)","(33, 83)","(84, 64)","(6, 13)","(62, 73)","(79, 92)","(7, 30)","(14, 11)","(40, 30)","(17, 1)","(22, 21)","(63, 96)","(78, 96)","(24, 6)","(32, 10)","(11, 70)","(39, 58)","(9, 33)","(22, 54)"
"((58, 56), (6, 18), (83, 55))","(62, 29)","(27, 7)","(99, 74)","(13, 48)","(24, 54)","(97, 90)","(70, 82)","(79, 72)","(92, 97)","(36, 40)","(0, 20)","(19, 33)","(94, 97)","(95, 13)","(30, 99)","(35, 93)","(36, 6)","(54, 76)","(88, 47)","(91, 64)","(73, 86)","(70, 14)","(83, 75)","(48, 53)","(77, 34)","(5, 82)","(2, 16)","(9, 92)","(0, 31)","(44, 31)","(96, 99)","(44, 95)","(1, 90)","(79, 31)","(10, 41)","(20, 76)","(65, 53)","(72, 98)","(33, 61)","(26, 49)","(13, 55)","(54, 32)","(52, 10)","(51, 81)","(35, 64)","(26, 0)","(37, 95)","(70, 40)","(89, 41)","(28, 49)"
"((40, 17), (71, 20), (9, 42))","(5, 4)","(98, 55)","(51, 1)","(99, 86)","(56, 83)","(65, 3)","(89, 28)","(94, 12)","(15, 48)","(71, 62)","(77, 53)","(61, 36)","(43, 30)","(50, 39)","(27, 43)","(84, 10)","(62, 74)","(61, 57)","(62, 28)","(15, 93)","(3, 67)","(38, 40)","(36, 67)","(18, 25)","(91, 79)","(56, 30)","(97, 46)","(23, 39)","(24, 65)","(63, 63)","(59, 38)","(49, 67)","(90, 22)","(5, 42)","(76, 81)","(9, 40)","(43, 90)","(38, 79)","(51, 42)","(68, 86)","(99, 8)","(46, 34)","(83, 77)","(23, 90)","(76, 13)","(57, 70)","(48, 64)","(37, 98)","(71, 66)","(31, 60)"
"((74, 40), (80, 56), (83, 55))","(30, 58)","(27, 62)","(39, 88)","(30, 9)","(86, 35)","(87, 95)","(1, 0)","(34, 37)","(88, 72)","(0, 78)","(85, 91)","(13, 78)","(45, 46)","(47, 49)","(9, 32)","(0, 90)","(8, 36)","(58, 43)","(89, 6)","(5, 52)","(24, 32)","(17, 2)","(13, 41)","(19, 63)","(1, 51)","(94, 66)","(42, 1)","(36, 15)","(64, 31)","(75, 71)","(79, 1)","(39, 47)","(0, 65)","(12, 97)","(67, 42)","(87, 54)","(87, 2)","(39, 7)","(68, 37)","(31, 18)","(47, 72)","(37, 65)","(86, 30)","(17, 13)","(1, 59)","(94, 80)","(66, 64)","(32, 10)","(39, 64)","(26, 18)"
"((97, 5), (15, 79), (47, 13))","(99, 22)","(28, 9)","(36, 71)","(66, 57)","(35, 57)","(3, 34)","(8, 88)","(24, 72)","(61, 97)","(79, 78)","(44, 84)","(48, 14)","(13, 20)","(27, 49)","(20, 10)","(20, 77)","(49, 98)","(34, 85)","(96, 8)","(87, 88)","(8, 11)","(73, 34)","(3, 24)","(85, 20)","(2, 7)","(11, 85)","(17, 93)","(40, 12)","(48, 19)","(44, 40)","(12, 5)","(53, 12)","(39, 6)","(32, 99)","(82, 30)","(80, 72)","(8, 53)","(9, 3)","(42, 9)","(19, 7)","(75, 67)","(43, 13)","(98, 16)","(87, 50)","(70, 40)","(9, 27)","(50, 95)","(82, 69)","(89, 41)","(87, 62)"
"((78, 68), (6, 85), (27, 65))","(29, 84)","(83, 64)","(39, 39)","(93, 77)","(32, 9)","(73, 56)","(76, 76)","(20, 56)","(62, 68)","(9, 32)","(34, 55)","(22, 59)","(45, 55)","(21, 67)","(19, 42)","(51, 40)","(45, 3)","(87, 18)","(63, 79)","(79, 99)","(9, 53)","(84, 28)","(94, 8)","(64, 34)","(76, 60)","(67, 24)","(33, 4)","(43, 8)","(69, 91)","(11, 16)","(99, 97)","(96, 90)","(60, 48)","(44, 34)","(79, 86)","(30, 41)","(55, 9)","(22, 67)","(89, 69)","(91, 5)","(86, 91)","(35, 46)","(92, 74)","(71, 99)","(55, 30)","(35, 0)","(89, 41)","(8, 86)","(75, 27)","(23, 53)"
"((48, 85), (86, 69), (48, 24))","(65, 95)","(67, 71)","(81, 94)","(77, 81)","(62, 90)","(24, 45)","(50, 58)","(94, 9)","(28, 73)","(50, 73)","(51, 62)","(48, 48)","(7, 59)","(38, 1)","(18, 4)","(48, 72)","(33, 23)","(84, 59)","(89, 52)","(8, 42)","(99, 35)","(14, 0)","(60, 6)","(47, 67)","(76, 60)","(14, 15)","(71, 49)","(52, 5)","(66, 68)","(26, 1)","(50, 84)","(59, 38)","(2, 83)","(44, 92)","(21, 66)","(8, 44)","(55, 55)","(26, 83)","(25, 42)","(67, 69)","(7, 39)","(5, 72)","(8, 19)","(9, 85)","(5, 90)","(66, 76)","(98, 22)","(39, 64)","(42, 91)","(52, 34)"
"((70, 55), (62, 96), (63, 89))","(3, 92)","(27, 98)","(85, 24)","(95, 4)","(28, 45)","(76, 99)","(9, 47)","(41, 45)","(75, 47)","(95, 86)","(26, 29)","(69, 64)","(41, 48)","(55, 22)","(74, 8)","(9, 65)","(5, 41)","(97, 40)","(11, 10)","(54, 45)","(94, 81)","(63, 54)","(77, 40)","(28, 29)","(20, 58)","(71, 9)","(77, 55)","(41, 90)","(57, 25)","(85, 99)","(85, 38)","(34, 5)","(98, 44)","(56, 75)","(28, 4)","(25, 39)","(62, 27)","(92, 77)","(13, 49)","(72, 6)","(0, 61)","(11, 0)","(25, 54)","(62, 39)","(34, 90)","(72, 43)","(44, 73)","(71, 69)","(0, 27)","(91, 53)"
"((10, 37), (83, 49), (77, 63))","(16, 87)","(33, 42)","(27, 59)","(52, 58)","(60, 62)","(77, 78)","(33, 63)","(98, 64)","(25, 1)","(68, 60)","(47, 31)","(90, 8)","(16, 7)","(95, 59)","(76, 94)","(95, 77)","(78, 64)","(18, 77)","(25, 43)","(55, 16)","(88, 56)","(65, 60)","(67, 88)","(74, 78)","(76, 69)","(70, 99)","(2, 16)","(17, 99)","(46, 80)","(18, 73)","(61, 47)","(99, 57)","(11, 34)","(57, 89)","(34, 11)","(23, 8)","(46, 34)","(86, 21)","(77, 79)","(37, 74)","(13, 46)","(73, 39)","(96, 62)","(20, 36)","(23, 32)","(22, 97)","(20, 45)","(91, 96)","(10, 89)","(99, 56)"
"((11, 36), (96, 43), (81, 30))","(0, 54)","(68, 45)","(81, 60)","(64, 53)","(68, 11)","(93, 89)","(63, 64)","(68, 78)","(41, 33)","(82, 16)","(85, 39)","(63, 73)","(31, 7)","(98, 99)","(38, 22)","(33, 96)","(38, 25)","(99, 53)","(50, 60)","(11, 62)","(7, 43)","(61, 78)","(35, 71)","(28, 93)","(15, 65)","(19, 29)","(81, 71)","(20, 70)","(90, 31)","(39, 86)","(72, 19)","(15, 92)","(77, 79)","(85, 59)","(19, 4)","(80, 20)","(34, 20)","(33, 0)","(19, 65)","(14, 87)","(64, 97)","(98, 74)","(9, 21)","(71, 63)","(7, 54)","(3, 99)","(13, 6)","(94, 92)","(68, 67)","(56, 56)"
"((29, 14), (52, 46), (8, 43))","(9, 54)","(33, 45)","(79, 39)","(40, 96)","(68, 51)","(76, 52)","(59, 18)","(62, 44)","(91, 89)","(22, 99)","(52, 21)","(40, 53)","(32, 76)","(66, 78)","(58, 49)","(50, 48)","(62, 89)","(36, 70)","(15, 99)","(53, 34)","(57, 50)","(75, 7)","(37, 81)","(86, 37)","(98, 5)","(44, 10)","(6, 1)","(37, 96)","(60, 33)","(79, 80)","(75, 40)","(78, 2)","(33, 95)","(4, 59)","(17, 43)","(10, 41)","(5, 63)","(87, 84)","(55, 18)","(3, 17)","(63, 96)","(12, 35)","(76, 62)","(86, 36)","(65, 13)","(91, 96)","(13, 12)","(40, 60)","(55, 60)","(79, 27)"
"((74, 40), (24, 88), (84, 20))","(1, 46)","(5, 4)","(41, 61)","(11, 51)","(77, 93)","(31, 38)","(22, 96)","(28, 85)","(79, 2)","(12, 98)","(17, 94)","(75, 20)","(16, 68)","(73, 62)","(66, 90)","(25, 31)","(22, 13)","(87, 15)","(83, 63)","(63, 27)","(72, 96)","(20, 86)","(66, 53)","(59, 81)","(89, 33)","(65, 66)","(71, 55)","(69, 88)","(30, 87)","(67, 45)","(20, 55)","(48, 71)","(49, 18)","(63, 8)","(74, 93)","(64, 70)","(26, 28)","(20, 76)","(62, 91)","(12, 23)","(33, 0)","(83, 16)","(49, 63)","(65, 22)","(13, 12)","(71, 66)","(85, 28)","(28, 34)","(43, 89)","(2, 24)"
"((22, 11), (15, 27), (21, 77))","(25, 41)","(50, 58)","(75, 2)","(43, 58)","(69, 86)","(20, 93)","(92, 24)","(32, 67)","(17, 30)","(54, 52)","(28, 97)","(61, 97)","(21, 0)","(73, 68)","(50, 99)","(54, 58)","(52, 36)","(65, 42)","(86, 10)","(40, 31)","(32, 54)","(96, 57)","(31, 95)","(38, 61)","(36, 33)","(68, 13)","(65, 78)","(88, 83)","(33, 92)","(82, 15)","(81, 19)","(13, 70)","(66, 34)","(10, 99)","(92, 53)","(69, 2)","(83, 65)","(39, 92)","(43, 50)","(10, 53)","(63, 41)","(30, 77)","(35, 6)","(23, 99)","(27, 29)","(33, 79)","(41, 86)","(8, 37)","(92, 49)","(65, 25)"
"((98, 31), (50, 46), (47, 59))","(47, 53)","(16, 84)","(29, 20)","(47, 68)","(94, 0)","(26, 97)","(86, 84)","(99, 74)","(96, 0)","(56, 22)","(64, 90)","(2, 51)","(85, 9)","(70, 79)","(4, 82)","(70, 94)","(43, 82)","(14, 98)","(30, 88)","(95, 4)","(43, 91)","(41, 36)","(49, 22)","(66, 44)","(29, 89)","(29, 28)","(68, 44)","(31, 25)","(74, 63)","(30, 66)","(61, 8)","(46, 53)","(79, 68)","(65, 20)","(94, 90)","(18, 60)","(28, 29)","(3, 39)","(1, 26)","(81, 28)","(82, 27)","(99, 78)","(49, 39)","(5, 8)","(68, 61)","(65, 71)","(25, 11)","(40, 5)","(54, 4)","(57, 79)"
"((25, 23), (39, 12), (52, 98))","(79, 30)","(21, 65)","(12, 80)","(44, 2)","(39, 36)","(70, 79)","(16, 53)","(93, 34)","(9, 23)","(90, 87)","(78, 0)","(28, 54)","(5, 58)","(97, 71)","(26, 96)","(45, 18)","(0, 44)","(92, 8)","(79, 53)","(89, 24)","(65, 8)","(69, 85)","(90, 65)","(75, 74)","(11, 16)","(20, 46)","(26, 62)","(32, 84)","(73, 0)","(74, 32)","(40, 3)","(81, 71)","(78, 56)","(22, 0)","(27, 48)","(64, 73)","(36, 57)","(71, 88)","(67, 75)","(27, 2)","(5, 66)","(44, 61)","(73, 36)","(22, 24)","(5, 84)","(94, 89)","(50, 28)","(70, 40)","(17, 40)","(11, 88)"
"((66, 91), (52, 43), (21, 28))","(80, 74)","(60, 16)","(83, 76)","(53, 99)","(55, 35)","(8, 18)","(43, 92)","(41, 82)","(46, 5)","(9, 81)","(91, 37)","(90, 69)","(58, 40)","(67, 49)","(53, 59)","(84, 7)","(7, 71)","(34, 61)","(99, 29)","(86, 7)","(28, 48)","(54, 18)","(86, 10)","(49, 31)","(42, 53)","(25, 43)","(52, 72)","(24, 53)","(13, 65)","(1, 69)","(52, 81)","(67, 45)","(64, 58)","(54, 51)","(95, 0)","(32, 87)","(73, 12)","(21, 63)","(81, 80)","(22, 12)","(67, 87)","(99, 0)","(68, 55)","(62, 54)","(4, 34)","(76, 22)","(47, 38)","(29, 2)","(51, 90)","(24, 24)"
"((24, 94), (32, 95), (52, 49))","(73, 81)","(51, 56)","(58, 10)","(64, 32)","(55, 87)","(8, 73)","(6, 45)","(2, 66)","(21, 46)","(26, 69)","(35, 17)","(32, 91)","(50, 36)","(53, 1)","(45, 55)","(43, 25)","(52, 99)","(37, 2)","(91, 61)","(19, 48)","(5, 0)","(73, 28)","(95, 28)","(73, 31)","(88, 56)","(57, 47)","(31, 92)","(25, 75)","(12, 79)","(96, 20)","(84, 58)","(36, 99)","(52, 29)","(49, 18)","(71, 15)","(24, 86)","(61, 56)","(6, 25)","(82, 88)","(13, 43)","(42, 61)","(12, 29)","(91, 29)","(92, 28)","(75, 76)","(43, 77)","(65, 22)","(73, 2)","(28, 34)","(26, 12)"
"((71, 84), (38, 20), (54, 13))","(94, 55)","(22, 14)","(92, 12)","(53, 32)","(11, 75)","(37, 33)","(32, 73)","(47, 34)","(74, 91)","(42, 38)","(63, 12)","(22, 59)","(29, 74)","(63, 15)","(44, 99)","(89, 3)","(98, 33)","(35, 35)","(40, 22)","(75, 56)","(4, 14)","(43, 48)","(84, 86)","(85, 63)","(94, 8)","(45, 24)","(90, 50)","(16, 55)","(57, 68)","(50, 32)","(3, 91)","(15, 1)","(85, 26)","(49, 6)","(55, 3)","(23, 2)","(3, 57)","(95, 21)","(55, 12)","(64, 85)","(18, 91)","(32, 59)","(82, 45)","(58, 23)","(54, 32)","(71, 54)","(2, 6)","(19, 22)","(80, 44)","(36, 41)"
"((58, 50), (22, 2), (64, 20))","(21, 13)","(44, 51)","(46, 91)","(25, 47)","(28, 64)","(71, 99)","(73, 99)","(78, 89)","(94, 12)","(32, 6)","(40, 50)","(26, 69)","(40, 1)","(8, 27)","(92, 54)","(56, 6)","(97, 13)","(8, 48)","(23, 73)","(58, 70)","(72, 26)","(29, 86)","(9, 56)","(41, 20)","(44, 16)","(75, 19)","(77, 40)","(4, 41)","(15, 65)","(77, 55)","(96, 32)","(59, 41)","(24, 89)","(26, 22)","(75, 52)","(90, 95)","(56, 72)","(84, 94)","(74, 4)","(91, 14)","(4, 28)","(10, 7)","(85, 71)","(96, 77)","(77, 33)","(80, 26)","(7, 51)","(91, 35)","(12, 47)","(32, 22)"
"((63, 80), (59, 0), (80, 65))","(63, 77)","(37, 73)","(26, 36)","(77, 84)","(97, 32)","(80, 16)","(10, 3)","(4, 91)","(40, 59)","(7, 4)","(25, 13)","(75, 96)","(41, 39)","(88, 32)","(61, 99)","(18, 19)","(5, 58)","(78, 3)","(81, 41)","(39, 90)","(37, 14)","(31, 89)","(12, 30)","(88, 65)","(22, 98)","(71, 6)","(58, 39)","(57, 71)","(44, 25)","(88, 19)","(32, 17)","(49, 3)","(22, 52)","(25, 85)","(57, 86)","(92, 59)","(63, 81)","(50, 53)","(64, 91)","(54, 84)","(25, 48)","(63, 41)","(23, 35)","(20, 42)","(99, 3)","(91, 96)","(33, 15)","(66, 82)","(65, 83)","(96, 98)"
"((31, 69), (36, 65), (18, 81))","(8, 52)","(82, 96)","(7, 90)","(68, 99)","(66, 60)","(42, 17)","(98, 9)","(84, 50)","(21, 55)","(2, 78)","(91, 40)","(65, 33)","(99, 93)","(96, 99)","(6, 17)","(2, 99)","(19, 54)","(43, 51)","(63, 88)","(0, 44)","(15, 44)","(50, 11)","(72, 35)","(37, 23)","(86, 31)","(89, 30)","(35, 59)","(89, 36)","(13, 71)","(52, 26)","(19, 84)","(16, 12)","(0, 86)","(39, 77)","(38, 24)","(1, 29)","(58, 63)","(3, 66)","(22, 73)","(48, 31)","(31, 21)","(81, 37)","(51, 2)","(28, 13)","(23, 29)","(48, 58)","(15, 6)","(94, 86)","(16, 5)","(86, 63)"
"((51, 38), (1, 86), (67, 68))","(33, 99)","(35, 97)","(41, 55)","(4, 70)","(6, 33)","(23, 83)","(72, 39)","(77, 87)","(3, 22)","(17, 21)","(43, 64)","(16, 62)","(97, 50)","(10, 85)","(71, 77)","(44, 84)","(39, 17)","(26, 29)","(43, 51)","(63, 88)","(56, 76)","(11, 50)","(92, 72)","(64, 31)","(29, 49)","(75, 16)","(18, 46)","(85, 14)","(17, 29)","(12, 48)","(23, 54)","(52, 90)","(91, 99)","(42, 98)","(67, 66)","(57, 37)","(56, 69)","(37, 68)","(45, 69)","(0, 46)","(13, 43)","(18, 33)","(40, 91)","(9, 9)","(92, 83)","(45, 35)","(43, 10)","(69, 93)","(72, 67)","(36, 41)"
"((14, 4), (77, 66), (90, 94))","(49, 84)","(36, 68)","(6, 21)","(45, 80)","(15, 36)","(6, 39)","(40, 29)","(99, 8)","(66, 8)","(48, 11)","(54, 0)","(84, 68)","(1, 91)","(0, 32)","(24, 99)","(29, 83)","(90, 41)","(45, 18)","(39, 32)","(59, 8)","(77, 22)","(29, 37)","(7, 40)","(86, 98)","(12, 94)","(16, 46)","(98, 8)","(72, 47)","(93, 85)","(32, 23)","(9, 31)","(16, 85)","(77, 67)","(98, 35)","(87, 8)","(7, 82)","(40, 79)","(80, 8)","(71, 88)","(87, 17)","(40, 15)","(89, 20)","(90, 34)","(5, 8)","(71, 51)","(52, 13)","(32, 16)","(32, 74)","(13, 21)","(3, 50)"
"((15, 79), (52, 52), (61, 0))","(86, 17)","(95, 32)","(31, 35)","(97, 90)","(70, 24)","(74, 82)","(25, 71)","(34, 43)","(25, 80)","(44, 87)","(25, 22)","(39, 69)","(39, 75)","(98, 94)","(29, 13)","(97, 13)","(53, 10)","(15, 90)","(37, 66)","(55, 13)","(2, 41)","(38, 40)","(80, 73)","(28, 72)","(75, 65)","(83, 14)","(41, 14)","(84, 61)","(73, 18)","(7, 24)","(29, 85)","(94, 68)","(86, 91)","(84, 39)","(37, 77)","(97, 99)","(99, 6)","(62, 42)","(19, 16)","(87, 44)","(99, 70)","(18, 48)","(23, 38)","(36, 99)","(8, 22)","(88, 15)","(41, 83)","(2, 21)","(24, 79)","(42, 42)"
"((21, 65), (77, 5), (1, 34))","(97, 20)","(16, 38)","(10, 52)","(76, 58)","(69, 83)","(44, 5)","(92, 30)","(49, 68)","(91, 43)","(48, 14)","(77, 50)","(74, 97)","(20, 1)","(81, 14)","(38, 74)","(35, 96)","(34, 70)","(31, 16)","(32, 88)","(90, 41)","(57, 99)","(24, 44)","(0, 47)","(31, 74)","(94, 11)","(91, 21)","(4, 84)","(37, 99)","(15, 68)","(22, 43)","(93, 94)","(88, 19)","(6, 68)","(73, 67)","(22, 0)","(65, 38)","(44, 98)","(79, 31)","(81, 92)","(77, 18)","(13, 49)","(70, 71)","(50, 71)","(5, 8)","(48, 49)","(11, 64)","(90, 87)","(53, 42)","(32, 74)","(11, 18)"
"((28, 46), (27, 50), (40, 87))","(20, 17)","(81, 88)","(99, 10)","(37, 76)","(7, 32)","(70, 15)","(31, 35)","(72, 39)","(8, 12)","(61, 85)","(97, 47)","(6, 2)","(30, 42)","(9, 41)","(88, 93)","(68, 90)","(44, 41)","(29, 89)","(60, 3)","(58, 9)","(58, 67)","(60, 70)","(52, 72)","(42, 65)","(50, 14)","(53, 37)","(1, 63)","(31, 98)","(10, 8)","(51, 76)","(19, 35)","(78, 54)","(32, 26)","(55, 15)","(94, 4)","(12, 23)","(37, 74)","(54, 90)","(64, 88)","(19, 62)","(56, 32)","(87, 96)","(37, 28)","(77, 94)","(89, 99)","(18, 57)","(10, 80)","(28, 40)","(58, 41)","(41, 95)"
"((4, 3), (94, 0), (67, 16))","(64, 81)","(71, 99)","(6, 88)","(78, 16)","(7, 38)","(82, 47)","(60, 71)","(96, 15)","(43, 73)","(99, 14)","(73, 1)","(71, 65)","(70, 45)","(74, 94)","(35, 81)","(43, 33)","(7, 13)","(52, 45)","(27, 58)","(90, 96)","(84, 28)","(21, 30)","(4, 72)","(96, 8)","(50, 75)","(51, 9)","(80, 27)","(79, 59)","(36, 30)","(96, 14)","(68, 62)","(8, 20)","(25, 82)","(74, 99)","(42, 37)","(28, 56)","(34, 69)","(42, 52)","(25, 45)","(97, 30)","(35, 58)","(86, 94)","(10, 7)","(11, 67)","(88, 3)","(48, 6)","(55, 99)","(52, 22)","(70, 40)","(66, 79)"
"((20, 11), (84, 14), (64, 5))","(65, 95)","(41, 52)","(89, 71)","(22, 78)","(46, 51)","(61, 9)","(49, 47)","(83, 73)","(55, 81)","(19, 67)","(11, 63)","(51, 71)","(97, 99)","(61, 27)","(42, 26)","(19, 33)","(21, 0)","(52, 39)","(9, 38)","(56, 61)","(78, 61)","(66, 96)","(62, 74)","(94, 2)","(83, 60)","(46, 65)","(72, 53)","(28, 84)","(12, 39)","(85, 81)","(78, 45)","(2, 74)","(39, 4)","(25, 18)","(9, 37)","(36, 63)","(64, 18)","(48, 37)","(8, 59)","(78, 17)","(59, 80)","(34, 26)","(55, 91)","(25, 57)","(3, 20)","(87, 99)","(74, 77)","(70, 31)","(96, 34)","(46, 82)"
"((43, 98), (75, 42), (85, 46))","(65, 37)","(56, 1)","(6, 79)","(59, 70)","(89, 71)","(31, 87)","(68, 45)","(7, 93)","(5, 10)","(11, 8)","(58, 31)","(71, 4)","(76, 27)","(34, 46)","(94, 42)","(53, 4)","(85, 36)","(99, 67)","(42, 41)","(54, 12)","(19, 45)","(92, 2)","(23, 73)","(1, 88)","(48, 96)","(55, 77)","(97, 19)","(12, 15)","(19, 63)","(59, 14)","(2, 44)","(95, 40)","(43, 60)","(25, 0)","(67, 27)","(79, 65)","(41, 17)","(88, 19)","(67, 48)","(48, 80)","(26, 86)","(2, 49)","(38, 42)","(69, 20)","(98, 56)","(45, 87)","(96, 77)","(89, 41)","(43, 19)","(99, 1)"
"((90, 91), (9, 45), (98, 37))","(68, 88)","(7, 72)","(25, 99)","(19, 98)","(46, 94)","(49, 81)","(84, 32)","(3, 71)","(79, 51)","(62, 93)","(82, 41)","(48, 51)","(22, 35)","(97, 99)","(34, 95)","(23, 43)","(68, 14)","(45, 58)","(79, 81)","(73, 80)","(20, 19)","(77, 28)","(27, 76)","(67, 94)","(32, 14)","(77, 49)","(72, 4)","(29, 70)","(19, 44)","(99, 66)","(51, 51)","(34, 72)","(9, 61)","(95, 30)","(32, 53)","(94, 71)","(62, 42)","(47, 17)","(81, 18)","(3, 26)","(31, 42)","(15, 49)","(33, 6)","(18, 51)","(84, 60)","(14, 99)","(3, 44)","(60, 29)","(8, 95)","(2, 24)"
"((57, 94), (15, 88), (2, 36))","(91, 4)","(78, 77)","(8, 52)","(69, 13)","(18, 35)","(86, 23)","(78, 89)","(16, 44)","(28, 91)","(32, 27)","(46, 14)","(17, 42)","(85, 33)","(74, 36)","(15, 23)","(29, 13)","(31, 77)","(27, 55)","(47, 70)","(92, 5)","(27, 61)","(15, 99)","(17, 5)","(32, 48)","(60, 9)","(21, 91)","(27, 18)","(47, 27)","(94, 14)","(43, 72)","(58, 39)","(48, 62)","(99, 99)","(82, 9)","(91, 99)","(64, 55)","(99, 28)","(40, 70)","(35, 89)","(13, 28)","(55, 55)","(45, 11)","(26, 86)","(89, 17)","(95, 97)","(1, 1)","(58, 29)","(48, 0)","(0, 15)","(19, 92)"
"((43, 31), (51, 38), (52, 98))","(14, 59)","(38, 32)","(8, 3)","(10, 61)","(93, 77)","(84, 41)","(4, 33)","(60, 34)","(70, 51)","(49, 80)","(41, 99)","(20, 10)","(92, 60)","(82, 92)","(17, 60)","(38, 34)","(50, 5)","(58, 79)","(34, 24)","(52, 5)","(69, 85)","(47, 91)","(90, 65)","(12, 36)","(14, 88)","(35, 1)","(99, 7)","(70, 93)","(90, 62)","(4, 99)","(25, 70)","(79, 10)","(12, 48)","(71, 76)","(34, 57)","(51, 97)","(3, 51)","(58, 2)","(6, 89)","(22, 15)","(55, 88)","(96, 13)","(76, 13)","(93, 23)","(65, 16)","(76, 22)","(26, 3)","(63, 4)","(79, 12)","(87, 65)"
"((81, 82), (46, 94), (37, 58))","(54, 80)","(77, 69)","(5, 62)","(68, 99)","(89, 19)","(60, 16)","(9, 72)","(58, 31)","(48, 2)","(83, 24)","(68, 75)","(30, 88)","(45, 52)","(63, 12)","(82, 19)","(90, 26)","(95, 19)","(54, 76)","(81, 90)","(42, 53)","(77, 77)","(75, 62)","(99, 65)","(77, 89)","(30, 72)","(88, 13)","(79, 68)","(10, 78)","(41, 87)","(67, 51)","(9, 25)","(24, 80)","(97, 0)","(45, 57)","(23, 2)","(32, 90)","(79, 92)","(57, 37)","(34, 5)","(46, 31)","(38, 33)","(7, 97)","(65, 59)","(81, 0)","(61, 92)","(42, 30)","(3, 96)","(28, 95)","(92, 43)","(25, 26)"
"((72, 18), (71, 26), (80, 7))","(87, 86)","(83, 12)","(24, 57)","(43, 64)","(81, 54)","(42, 23)","(97, 50)","(81, 72)","(9, 35)","(72, 8)","(73, 10)","(95, 16)","(54, 67)","(90, 29)","(84, 25)","(82, 37)","(77, 77)","(37, 69)","(59, 75)","(78, 15)","(80, 12)","(53, 86)","(80, 82)","(99, 85)","(62, 49)","(74, 20)","(22, 34)","(43, 14)","(88, 74)","(38, 9)","(17, 32)","(96, 32)","(44, 49)","(6, 22)","(76, 53)","(49, 42)","(53, 30)","(29, 97)","(37, 74)","(42, 9)","(91, 78)","(69, 23)","(5, 14)","(3, 29)","(24, 70)","(96, 25)","(90, 12)","(99, 53)","(67, 1)","(29, 75)"
"((62, 75), (56, 4), (18, 78))","(34, 68)","(77, 11)","(42, 51)","(71, 41)","(96, 6)","(52, 12)","(49, 59)","(25, 71)","(54, 46)","(38, 71)","(54, 55)","(39, 66)","(15, 14)","(71, 25)","(29, 19)","(90, 41)","(54, 82)","(21, 79)","(73, 28)","(37, 17)","(41, 66)","(36, 82)","(29, 98)","(87, 39)","(28, 72)","(80, 30)","(89, 39)","(91, 88)","(25, 12)","(10, 23)","(93, 99)","(70, 50)","(46, 89)","(51, 42)","(69, 69)","(31, 94)","(73, 97)","(80, 78)","(42, 9)","(13, 61)","(44, 9)","(27, 84)","(82, 48)","(29, 48)","(98, 7)","(70, 37)","(98, 80)","(98, 25)","(51, 90)","(39, 3)"
"((38, 23), (94, 43), (66, 45))","(55, 75)","(38, 32)","(20, 32)","(16, 47)","(89, 89)","(16, 50)","(2, 66)","(67, 95)","(49, 4)","(90, 72)","(81, 2)","(75, 26)","(81, 11)","(42, 35)","(83, 36)","(82, 74)","(89, 55)","(26, 17)","(35, 20)","(17, 51)","(66, 41)","(3, 9)","(8, 54)","(99, 82)","(5, 82)","(6, 47)","(23, 91)","(13, 68)","(92, 38)","(58, 42)","(35, 19)","(27, 42)","(96, 90)","(53, 61)","(2, 83)","(0, 86)","(8, 38)","(35, 86)","(18, 76)","(43, 47)","(94, 4)","(31, 79)","(28, 62)","(49, 36)","(29, 94)","(26, 46)","(0, 0)","(42, 12)","(4, 25)","(0, 24)"
"((79, 30), (62, 17), (32, 43))","(22, 14)","(63, 86)","(29, 84)","(35, 45)","(47, 77)","(86, 32)","(29, 38)","(88, 2)","(35, 60)","(37, 33)","(19, 15)","(32, 18)","(88, 14)","(26, 69)","(36, 49)","(22, 1)","(65, 39)","(81, 93)","(89, 18)","(96, 8)","(99, 85)","(36, 82)","(85, 69)","(2, 65)","(72, 56)","(63, 57)","(50, 96)","(65, 29)","(80, 60)","(3, 2)","(57, 95)","(37, 7)","(73, 30)","(7, 33)","(68, 43)","(94, 68)","(49, 45)","(54, 35)","(95, 36)","(74, 62)","(83, 16)","(77, 36)","(74, 71)","(52, 16)","(11, 73)","(10, 16)","(58, 93)","(28, 31)","(55, 51)","(18, 5)"
"((58, 50), (61, 61), (72, 36))","(48, 97)","(55, 17)","(63, 89)","(35, 45)","(31, 96)","(79, 99)","(88, 57)","(29, 32)","(93, 16)","(37, 18)","(51, 80)","(22, 41)","(15, 11)","(40, 62)","(9, 87)","(43, 91)","(64, 62)","(81, 87)","(2, 99)","(57, 44)","(51, 58)","(55, 86)","(51, 0)","(24, 50)","(74, 2)","(74, 66)","(14, 82)","(96, 72)","(79, 1)","(25, 0)","(77, 31)","(79, 4)","(97, 46)","(95, 58)","(8, 20)","(35, 19)","(65, 26)","(96, 47)","(95, 91)","(32, 83)","(32, 56)","(72, 92)","(67, 90)","(73, 45)","(74, 77)","(42, 15)","(2, 67)","(73, 57)","(93, 41)","(34, 56)"
"((17, 46), (88, 42), (40, 29))","(26, 42)","(87, 86)","(22, 81)","(29, 41)","(22, 29)","(62, 41)","(76, 73)","(88, 20)","(50, 27)","(94, 33)","(77, 53)","(94, 36)","(69, 49)","(1, 91)","(81, 29)","(20, 16)","(7, 83)","(6, 81)","(46, 93)","(36, 3)","(50, 5)","(91, 73)","(40, 34)","(62, 46)","(96, 11)","(13, 1)","(26, 65)","(27, 30)","(75, 19)","(98, 75)","(27, 39)","(19, 90)","(17, 47)","(16, 79)","(94, 53)","(14, 57)","(31, 76)","(95, 91)","(91, 5)","(59, 16)","(64, 88)","(59, 22)","(88, 3)","(25, 66)","(68, 3)","(96, 19)","(12, 41)","(0, 18)","(40, 60)","(33, 24)"
"((52, 46), (6, 94), (50, 3))","(94, 70)","(36, 10)","(28, 18)","(63, 98)","(21, 95)","(47, 83)","(31, 38)","(41, 12)","(27, 25)","(6, 51)","(82, 53)","(63, 62)","(93, 83)","(93, 19)","(35, 75)","(88, 17)","(79, 81)","(65, 36)","(38, 31)","(5, 12)","(91, 91)","(4, 99)","(50, 35)","(66, 19)","(86, 61)","(49, 21)","(52, 38)","(25, 27)","(2, 25)","(20, 73)","(44, 85)","(76, 44)","(14, 60)","(53, 27)","(61, 13)","(19, 68)","(50, 10)","(59, 80)","(45, 84)","(87, 93)","(72, 49)","(13, 58)","(32, 13)","(0, 70)","(13, 64)","(90, 9)","(26, 64)","(62, 48)","(60, 41)","(32, 86)"
"((69, 56), (38, 29), (52, 58))","(5, 4)","(34, 28)","(61, 18)","(87, 34)","(68, 63)","(55, 41)","(65, 9)","(61, 79)","(36, 37)","(5, 89)","(54, 52)","(77, 47)","(76, 21)","(46, 20)","(82, 77)","(85, 33)","(45, 0)","(49, 77)","(63, 82)","(18, 19)","(46, 41)","(76, 63)","(17, 78)","(56, 94)","(3, 24)","(22, 31)","(98, 66)","(1, 63)","(17, 87)","(96, 14)","(32, 32)","(70, 50)","(55, 55)","(36, 54)","(19, 41)","(56, 60)","(51, 2)","(70, 19)","(20, 91)","(44, 70)","(60, 23)","(49, 57)","(25, 66)","(76, 71)","(39, 58)","(55, 36)","(56, 47)","(26, 9)","(24, 76)","(66, 85)"
"((81, 27), (23, 7), (100, 10))","(86, 17)","(84, 32)","(9, 5)","(18, 96)","(98, 0)","(47, 89)","(82, 53)","(84, 56)","(66, 78)","(23, 49)","(39, 63)","(91, 43)","(37, 48)","(67, 58)","(12, 9)","(23, 67)","(63, 79)","(71, 31)","(41, 54)","(57, 38)","(71, 37)","(26, 93)","(61, 2)","(25, 46)","(55, 40)","(32, 20)","(1, 11)","(88, 80)","(66, 25)","(7, 58)","(90, 25)","(18, 73)","(73, 73)","(97, 64)","(92, 50)","(85, 38)","(92, 53)","(58, 8)","(69, 66)","(36, 69)","(68, 43)","(50, 7)","(59, 71)","(63, 93)","(3, 17)","(94, 10)","(98, 68)","(72, 58)","(51, 87)","(20, 60)"
"((50, 49), (80, 56), (92, 52))","(10, 95)","(85, 40)","(73, 17)","(53, 14)","(20, 78)","(56, 16)","(79, 42)","(38, 96)","(84, 47)","(71, 53)","(43, 12)","(35, 17)","(25, 25)","(35, 90)","(62, 74)","(49, 28)","(12, 9)","(71, 28)","(25, 98)","(22, 89)","(66, 4)","(23, 36)","(19, 17)","(78, 42)","(52, 81)","(60, 88)","(13, 16)","(3, 99)","(70, 47)","(93, 97)","(92, 41)","(57, 89)","(22, 0)","(12, 11)","(68, 31)","(66, 98)","(55, 51)","(12, 84)","(66, 0)","(46, 55)","(99, 3)","(93, 84)","(26, 55)","(78, 93)","(94, 89)","(13, 9)","(6, 55)","(82, 66)","(90, 73)","(64, 60)"
"((92, 52), (72, 73), (26, 85))","(45, 71)","(51, 50)","(88, 48)","(3, 80)","(41, 67)","(99, 66)","(92, 24)","(82, 1)","(36, 86)","(56, 40)","(8, 21)","(94, 24)","(60, 28)","(32, 15)","(33, 20)","(60, 95)","(71, 16)","(14, 52)","(81, 29)","(62, 80)","(18, 37)","(78, 91)","(60, 18)","(4, 90)","(15, 53)","(50, 84)","(46, 10)","(97, 58)","(59, 47)","(73, 9)","(91, 51)","(5, 45)","(47, 48)","(44, 95)","(4, 46)","(96, 53)","(71, 39)","(20, 94)","(6, 34)","(43, 68)","(52, 74)","(24, 9)","(80, 96)","(43, 74)","(2, 18)","(89, 53)","(17, 34)","(65, 89)","(43, 34)","(54, 68)"
"((61, 49), (37, 58), (87, 19))","(40, 96)","(51, 13)","(52, 15)","(43, 12)","(76, 18)","(32, 76)","(52, 30)","(10, 79)","(84, 62)","(94, 42)","(86, 62)","(5, 58)","(28, 60)","(50, 60)","(85, 63)","(70, 72)","(4, 81)","(43, 2)","(18, 49)","(33, 7)","(68, 59)","(94, 78)","(43, 5)","(24, 68)","(23, 42)","(58, 39)","(19, 87)","(89, 51)","(70, 41)","(8, 35)","(15, 16)","(21, 2)","(35, 28)","(78, 57)","(96, 38)","(86, 9)","(95, 12)","(23, 11)","(54, 14)","(95, 21)","(45, 8)","(51, 54)","(6, 31)","(83, 68)","(96, 62)","(91, 84)","(28, 22)","(58, 38)","(71, 69)","(1, 19)"
"((51, 99), (25, 23), (31, 11))","(40, 78)","(25, 35)","(12, 68)","(44, 97)","(48, 94)","(36, 10)","(66, 54)","(58, 16)","(93, 25)","(55, 44)","(82, 7)","(30, 94)","(6, 11)","(24, 81)","(20, 65)","(19, 51)","(86, 71)","(10, 42)","(3, 64)","(2, 96)","(38, 95)","(22, 74)","(75, 53)","(51, 6)","(34, 24)","(17, 17)","(59, 84)","(3, 39)","(39, 68)","(47, 48)","(54, 66)","(87, 20)","(70, 62)","(59, 7)","(49, 42)","(14, 72)","(56, 81)","(41, 68)","(91, 17)","(80, 87)","(23, 38)","(99, 67)","(86, 48)","(91, 41)","(11, 21)","(10, 22)","(27, 38)","(86, 57)","(95, 5)","(24, 24)"
"((93, 50), (5, 65), (60, 7))","(83, 67)","(68, 54)","(32, 6)","(36, 22)","(14, 92)","(2, 5)","(50, 24)","(91, 92)","(17, 18)","(25, 80)","(81, 11)","(38, 65)","(90, 78)","(81, 75)","(43, 24)","(2, 20)","(35, 87)","(36, 70)","(9, 65)","(5, 21)","(90, 59)","(31, 40)","(61, 81)","(70, 96)","(62, 58)","(42, 83)","(82, 6)","(99, 16)","(60, 42)","(69, 48)","(42, 43)","(20, 18)","(95, 21)","(82, 88)","(54, 72)","(70, 65)","(0, 49)","(7, 36)","(76, 59)","(37, 77)","(77, 36)","(57, 61)","(62, 51)","(70, 92)","(3, 35)","(25, 63)","(26, 6)","(18, 57)","(5, 29)","(94, 98)"
"((52, 40), (69, 62), (95, 90))","(93, 68)","(91, 10)","(92, 15)","(4, 18)","(58, 80)","(77, 26)","(37, 30)","(7, 50)","(59, 27)","(48, 63)","(15, 66)","(65, 76)","(60, 92)","(94, 33)","(45, 46)","(24, 78)","(39, 5)","(57, 26)","(82, 25)","(89, 15)","(18, 28)","(19, 48)","(32, 51)","(91, 12)","(92, 20)","(81, 56)","(72, 53)","(88, 74)","(14, 39)","(63, 69)","(39, 77)","(78, 2)","(40, 15)","(53, 73)","(27, 57)","(58, 60)","(2, 52)","(73, 45)","(3, 84)","(79, 0)","(81, 58)","(38, 57)","(28, 86)","(5, 96)","(28, 31)","(87, 50)","(76, 22)","(17, 34)","(38, 14)","(64, 8)"
"((52, 40), (25, 90), (1, 28))","(73, 23)","(77, 11)","(49, 96)","(20, 96)","(73, 38)","(69, 86)","(15, 48)","(67, 86)","(32, 18)","(53, 50)","(51, 83)","(18, 68)","(48, 17)","(86, 7)","(62, 83)","(92, 5)","(62, 34)","(53, 98)","(56, 33)","(94, 84)","(92, 32)","(14, 33)","(94, 87)","(96, 17)","(57, 13)","(71, 70)","(30, 29)","(89, 54)","(76, 93)","(46, 89)","(13, 25)","(59, 59)","(29, 76)","(58, 63)","(94, 56)","(29, 85)","(45, 75)","(53, 27)","(49, 36)","(80, 20)","(50, 71)","(27, 17)","(13, 58)","(7, 54)","(42, 18)","(6, 61)","(16, 8)","(63, 7)","(71, 14)","(79, 27)"
"((67, 59), (79, 24), (61, 52))","(35, 97)","(91, 74)","(37, 73)","(85, 55)","(6, 33)","(27, 77)","(21, 95)","(89, 34)","(88, 14)","(65, 79)","(28, 27)","(43, 21)","(88, 23)","(15, 75)","(2, 20)","(23, 61)","(91, 52)","(63, 30)","(37, 8)","(38, 40)","(88, 56)","(0, 59)","(34, 85)","(99, 88)","(84, 43)","(15, 59)","(23, 39)","(41, 81)","(50, 90)","(36, 36)","(42, 86)","(63, 57)","(59, 41)","(67, 51)","(14, 45)","(38, 21)","(39, 10)","(34, 66)","(23, 14)","(39, 89)","(90, 95)","(94, 4)","(31, 85)","(64, 24)","(96, 59)","(86, 88)","(3, 87)","(76, 77)","(19, 28)","(31, 57)"
"((22, 63), (6, 82), (41, 52))","(91, 62)","(38, 99)","(14, 71)","(69, 80)","(67, 86)","(28, 21)","(0, 63)","(34, 37)","(6, 48)","(72, 54)","(0, 75)","(8, 88)","(75, 96)","(82, 10)","(91, 43)","(47, 58)","(24, 84)","(56, 64)","(69, 0)","(8, 48)","(40, 22)","(73, 25)","(47, 15)","(42, 7)","(24, 56)","(47, 91)","(63, 54)","(99, 36)","(37, 41)","(63, 14)","(89, 57)","(39, 16)","(73, 12)","(27, 54)","(36, 2)","(25, 30)","(18, 85)","(97, 76)","(94, 65)","(12, 78)","(30, 59)","(29, 94)","(17, 13)","(2, 0)","(99, 92)","(27, 78)","(99, 9)","(84, 57)","(7, 60)","(51, 32)"
"((63, 68), (49, 20), (77, 2))","(39, 85)","(5, 1)","(47, 77)","(37, 76)","(42, 66)","(68, 48)","(53, 96)","(28, 70)","(42, 11)","(9, 14)","(42, 81)","(79, 72)","(49, 62)","(51, 83)","(70, 51)","(42, 99)","(77, 62)","(65, 97)","(55, 13)","(29, 83)","(41, 63)","(75, 1)","(86, 98)","(49, 52)","(52, 20)","(66, 16)","(17, 90)","(1, 78)","(49, 12)","(12, 57)","(65, 32)","(48, 19)","(68, 34)","(97, 12)","(6, 37)","(3, 78)","(67, 81)","(32, 65)","(20, 36)","(92, 28)","(96, 19)","(35, 73)","(41, 89)","(82, 5)","(86, 60)","(24, 82)","(48, 73)","(51, 96)","(44, 27)","(18, 14)"
"((95, 75), (72, 27), (45, 10))","(92, 70)","(77, 20)","(29, 96)","(94, 73)","(43, 0)","(76, 61)","(67, 92)","(92, 88)","(19, 21)","(99, 95)","(44, 20)","(61, 45)","(67, 64)","(79, 96)","(14, 0)","(2, 38)","(46, 99)","(11, 47)","(86, 19)","(21, 27)","(41, 11)","(99, 62)","(32, 66)","(91, 30)","(72, 50)","(44, 80)","(64, 58)","(45, 48)","(11, 92)","(41, 93)","(4, 53)","(26, 83)","(26, 22)","(68, 98)","(69, 57)","(34, 8)","(18, 36)","(94, 13)","(0, 58)","(64, 39)","(41, 13)","(14, 26)","(43, 7)","(47, 32)","(29, 48)","(14, 99)","(56, 47)","(59, 49)","(44, 88)","(75, 97)"
"((49, 20), (97, 17), (29, 29))","(59, 73)","(61, 12)","(62, 38)","(64, 41)","(42, 75)","(35, 2)","(60, 86)","(22, 35)","(34, 34)","(32, 9)","(90, 66)","(30, 79)","(25, 1)","(90, 72)","(64, 53)","(85, 91)","(88, 17)","(39, 8)","(10, 33)","(67, 55)","(4, 66)","(12, 12)","(42, 56)","(39, 26)","(20, 80)","(50, 69)","(57, 56)","(21, 91)","(35, 53)","(41, 69)","(3, 33)","(95, 52)","(63, 57)","(85, 81)","(7, 67)","(48, 74)","(62, 67)","(68, 34)","(62, 15)","(55, 12)","(49, 36)","(87, 81)","(86, 85)","(93, 75)","(66, 9)","(91, 38)","(38, 69)","(27, 99)","(19, 95)","(31, 66)"
"((12, 4), (65, 31), (84, 14))","(24, 33)","(89, 10)","(48, 36)","(50, 9)","(87, 86)","(78, 28)","(51, 68)","(33, 66)","(54, 34)","(79, 57)","(95, 47)","(11, 17)","(65, 27)","(22, 50)","(55, 56)","(65, 24)","(7, 10)","(42, 36)","(52, 42)","(0, 32)","(75, 41)","(3, 0)","(57, 96)","(14, 6)","(38, 31)","(31, 25)","(37, 69)","(13, 7)","(80, 36)","(37, 96)","(46, 77)","(46, 80)","(64, 0)","(46, 28)","(66, 95)","(78, 72)","(40, 94)","(59, 16)","(42, 64)","(0, 61)","(20, 91)","(64, 39)","(14, 26)","(27, 90)","(40, 2)","(24, 82)","(21, 4)","(9, 36)","(44, 27)","(54, 68)"
"((19, 43), (88, 36), (66, 45))","(48, 33)","(1, 46)","(57, 36)","(1, 3)","(95, 56)","(74, 21)","(78, 43)","(85, 85)","(38, 65)","(9, 29)","(52, 39)","(5, 98)","(37, 54)","(77, 1)","(43, 94)","(49, 22)","(67, 67)","(26, 29)","(38, 31)","(73, 86)","(71, 34)","(34, 15)","(29, 40)","(68, 50)","(59, 17)","(16, 46)","(58, 85)","(98, 66)","(98, 20)","(25, 70)","(57, 71)","(17, 99)","(23, 48)","(75, 37)","(26, 25)","(72, 16)","(25, 91)","(2, 95)","(75, 27)","(68, 40)","(0, 55)","(80, 78)","(57, 55)","(50, 22)","(63, 56)","(47, 29)","(56, 41)","(52, 92)","(68, 21)","(79, 27)"
"((53, 66), (0, 91), (66, 42))","(53, 75)","(15, 88)","(54, 80)","(53, 17)","(28, 64)","(47, 77)","(52, 3)","(23, 86)","(29, 47)","(76, 15)","(15, 8)","(6, 8)","(99, 53)","(26, 87)","(82, 22)","(48, 87)","(81, 41)","(3, 18)","(86, 34)","(52, 69)","(56, 27)","(61, 84)","(31, 49)","(2, 65)","(28, 90)","(68, 71)","(15, 65)","(5, 36)","(44, 28)","(96, 32)","(38, 6)","(74, 93)","(99, 31)","(18, 82)","(24, 31)","(19, 41)","(26, 92)","(62, 85)","(19, 53)","(63, 90)","(40, 91)","(28, 65)","(92, 74)","(91, 20)","(93, 14)","(41, 22)","(34, 47)","(7, 66)","(57, 82)","(15, 82)"
"((47, 1), (17, 52), (6, 24))","(45, 10)","(53, 81)","(55, 78)","(12, 25)","(5, 19)","(61, 21)","(84, 41)","(66, 75)","(85, 24)","(45, 58)","(19, 91)","(65, 30)","(57, 26)","(2, 35)","(67, 3)","(43, 51)","(12, 82)","(82, 34)","(69, 79)","(69, 18)","(76, 54)","(25, 49)","(11, 1)","(85, 87)","(28, 96)","(74, 35)","(65, 32)","(15, 80)","(23, 2)","(53, 3)","(72, 22)","(1, 83)","(48, 18)","(31, 15)","(60, 72)","(64, 88)","(34, 26)","(87, 96)","(9, 6)","(50, 13)","(43, 7)","(17, 83)","(83, 25)","(94, 89)","(74, 19)","(75, 85)","(94, 31)","(29, 66)","(99, 56)","(54, 62)"
"((62, 14), (27, 50), (94, 0))","(26, 36)","(85, 55)","(85, 6)","(81, 48)","(65, 67)","(57, 60)","(66, 84)","(76, 76)","(43, 30)","(53, 65)","(73, 10)","(33, 93)","(92, 54)","(22, 13)","(4, 66)","(47, 70)","(69, 70)","(1, 42)","(56, 82)","(54, 24)","(34, 79)","(60, 15)","(50, 75)","(64, 40)","(44, 71)","(92, 29)","(35, 10)","(36, 42)","(96, 35)","(27, 99)","(54, 5)","(84, 79)","(50, 56)","(96, 53)","(60, 57)","(44, 46)","(96, 1)","(46, 49)","(86, 24)","(73, 33)","(63, 99)","(71, 45)","(22, 27)","(77, 24)","(61, 10)","(10, 65)","(32, 77)","(81, 0)","(50, 92)","(63, 71)"
"((70, 55), (29, 26), (46, 36))","(29, 96)","(82, 38)","(61, 9)","(20, 84)","(32, 55)","(83, 73)","(20, 29)","(8, 73)","(69, 22)","(88, 5)","(55, 38)","(12, 49)","(78, 43)","(72, 57)","(10, 94)","(57, 87)","(15, 17)","(62, 77)","(80, 3)","(39, 17)","(65, 42)","(74, 48)","(99, 53)","(93, 61)","(73, 31)","(19, 2)","(6, 93)","(56, 85)","(0, 56)","(57, 1)","(41, 8)","(65, 72)","(98, 72)","(99, 13)","(64, 43)","(73, 58)","(71, 64)","(9, 34)","(88, 28)","(9, 43)","(72, 80)","(92, 13)","(5, 5)","(9, 73)","(19, 71)","(4, 31)","(19, 25)","(74, 19)","(26, 12)","(68, 85)"
"((16, 81), (47, 1), (78, 7))","(70, 58)","(51, 56)","(20, 20)","(49, 38)","(55, 78)","(30, 0)","(87, 28)","(91, 22)","(99, 63)","(93, 77)","(23, 95)","(79, 2)","(32, 76)","(65, 21)","(86, 59)","(11, 99)","(44, 99)","(77, 10)","(23, 73)","(91, 0)","(12, 15)","(92, 84)","(99, 24)","(78, 24)","(67, 94)","(65, 72)","(30, 17)","(2, 65)","(28, 29)","(24, 25)","(14, 48)","(5, 45)","(75, 98)","(84, 21)","(99, 46)","(41, 56)","(67, 78)","(26, 46)","(90, 49)","(98, 59)","(43, 4)","(77, 36)","(46, 55)","(99, 0)","(29, 51)","(97, 48)","(46, 64)","(84, 48)","(40, 63)","(15, 9)"
"((76, 31), (22, 11), (15, 91))","(91, 74)","(83, 70)","(12, 22)","(55, 90)","(31, 44)","(87, 43)","(25, 19)","(67, 52)","(92, 45)","(33, 90)","(32, 24)","(13, 84)","(54, 6)","(73, 80)","(14, 0)","(2, 32)","(73, 83)","(36, 3)","(17, 72)","(98, 2)","(8, 14)","(92, 26)","(2, 62)","(61, 23)","(16, 0)","(10, 14)","(46, 7)","(72, 56)","(72, 62)","(73, 52)","(54, 57)","(35, 25)","(10, 35)","(64, 64)","(94, 53)","(7, 70)","(18, 15)","(9, 52)","(56, 20)","(92, 77)","(71, 42)","(38, 39)","(45, 90)","(98, 7)","(1, 68)","(93, 26)","(33, 82)","(74, 28)","(71, 75)","(7, 69)"
"((7, 87), (6, 85), (93, 1))","(43, 49)","(76, 46)","(99, 13)","(60, 62)","(40, 35)","(59, 12)","(78, 86)","(12, 34)","(6, 48)","(27, 28)","(0, 78)","(89, 46)","(20, 50)","(2, 72)","(47, 49)","(13, 87)","(52, 97)","(44, 93)","(98, 33)","(23, 3)","(76, 97)","(42, 44)","(32, 99)","(13, 93)","(39, 87)","(32, 45)","(20, 19)","(8, 11)","(18, 43)","(24, 53)","(67, 27)","(17, 84)","(45, 51)","(55, 52)","(25, 24)","(95, 15)","(93, 54)","(60, 57)","(59, 16)","(22, 27)","(20, 88)","(67, 32)","(66, 64)","(21, 96)","(1, 62)","(88, 67)","(59, 37)","(15, 55)","(66, 15)","(24, 18)"
"((31, 5), (89, 16), (60, 62))","(69, 77)","(47, 74)","(20, 29)","(28, 18)","(30, 67)","(35, 57)","(72, 51)","(25, 16)","(57, 8)","(26, 20)","(97, 10)","(21, 21)","(36, 70)","(23, 70)","(67, 12)","(98, 51)","(37, 8)","(14, 67)","(0, 50)","(66, 59)","(17, 78)","(43, 60)","(30, 14)","(51, 79)","(28, 87)","(57, 7)","(34, 45)","(75, 89)","(30, 84)","(94, 29)","(43, 26)","(16, 18)","(67, 66)","(43, 41)","(56, 14)","(77, 21)","(88, 30)","(23, 29)","(45, 96)","(71, 48)","(98, 68)","(61, 83)","(8, 19)","(75, 21)","(27, 90)","(41, 89)","(58, 44)","(19, 92)","(97, 63)","(73, 69)"
"((44, 100), (32, 98), (40, 20))","(29, 20)","(31, 84)","(1, 98)","(82, 93)","(52, 61)","(87, 28)","(64, 87)","(29, 32)","(66, 88)","(42, 5)","(25, 62)","(83, 79)","(60, 83)","(75, 23)","(17, 91)","(44, 81)","(71, 16)","(84, 68)","(21, 58)","(47, 58)","(42, 47)","(31, 16)","(18, 8)","(29, 40)","(52, 14)","(99, 33)","(68, 62)","(45, 36)","(26, 4)","(78, 99)","(38, 9)","(26, 77)","(60, 36)","(11, 95)","(74, 44)","(63, 23)","(86, 21)","(37, 80)","(23, 84)","(71, 72)","(3, 81)","(12, 32)","(17, 92)","(45, 41)","(30, 89)","(39, 0)","(72, 67)","(45, 56)","(91, 47)","(28, 43)"
"((62, 75), (79, 85), (67, 71))","(38, 35)","(34, 13)","(38, 41)","(36, 89)","(87, 98)","(49, 53)","(66, 14)","(36, 95)","(82, 68)","(17, 34)","(25, 77)","(80, 49)","(74, 39)","(52, 97)","(8, 99)","(86, 7)","(21, 73)","(97, 71)","(4, 66)","(46, 35)","(12, 12)","(24, 44)","(5, 6)","(29, 86)","(42, 53)","(34, 85)","(64, 92)","(22, 86)","(76, 2)","(12, 42)","(52, 84)","(35, 65)","(91, 48)","(31, 61)","(86, 6)","(10, 93)","(22, 70)","(55, 70)","(86, 79)","(22, 3)","(38, 36)","(6, 92)","(50, 65)","(31, 88)","(34, 26)","(89, 35)","(23, 93)","(11, 18)","(51, 32)","(82, 14)"
"((6, 12), (6, 18), (64, 11))","(16, 87)","(19, 43)","(44, 45)","(12, 16)","(20, 17)","(23, 74)","(53, 84)","(7, 35)","(88, 54)","(4, 21)","(30, 3)","(70, 88)","(18, 59)","(40, 62)","(95, 68)","(18, 13)","(64, 71)","(38, 89)","(53, 19)","(71, 37)","(5, 15)","(65, 5)","(70, 29)","(38, 64)","(8, 26)","(68, 77)","(16, 67)","(72, 65)","(36, 97)","(6, 16)","(40, 15)","(92, 53)","(73, 79)","(55, 73)","(93, 57)","(64, 85)","(95, 8)","(89, 32)","(34, 90)","(72, 49)","(93, 29)","(3, 35)","(47, 93)","(37, 34)","(60, 90)","(59, 40)","(90, 18)","(32, 83)","(31, 63)","(52, 95)"
"((21, 10), (47, 4), (38, 99))","(59, 12)","(55, 17)","(33, 33)","(51, 4)","(60, 77)","(76, 67)","(99, 89)","(27, 19)","(35, 11)","(38, 7)","(46, 14)","(45, 58)","(98, 30)","(19, 99)","(86, 13)","(70, 2)","(74, 51)","(47, 3)","(68, 41)","(54, 30)","(94, 66)","(77, 86)","(75, 62)","(75, 68)","(79, 50)","(51, 70)","(72, 44)","(79, 1)","(34, 27)","(18, 43)","(65, 5)","(9, 19)","(41, 8)","(17, 84)","(84, 52)","(94, 32)","(16, 9)","(72, 4)","(70, 50)","(96, 38)","(20, 73)","(87, 20)","(97, 39)","(89, 90)","(67, 29)","(99, 12)","(96, 25)","(50, 40)","(91, 47)","(47, 50)"
"((78, 59), (45, 62), (31, 78))","(87, 86)","(41, 3)","(45, 86)","(94, 82)","(99, 31)","(18, 50)","(25, 7)","(62, 50)","(19, 79)","(11, 81)","(82, 7)","(51, 92)","(9, 38)","(98, 30)","(81, 78)","(72, 69)","(18, 13)","(63, 15)","(39, 78)","(86, 22)","(85, 48)","(18, 86)","(15, 93)","(23, 70)","(66, 53)","(11, 4)","(97, 37)","(34, 27)","(93, 88)","(14, 36)","(1, 75)","(5, 39)","(9, 40)","(13, 89)","(47, 48)","(73, 15)","(86, 79)","(89, 11)","(3, 66)","(8, 53)","(50, 62)","(17, 74)","(74, 13)","(47, 47)","(32, 10)","(62, 54)","(80, 41)","(45, 56)","(67, 56)","(81, 12)"
"((34, 4), (24, 27), (84, 20))","(54, 80)","(56, 16)","(78, 16)","(58, 71)","(78, 19)","(48, 36)","(6, 97)","(14, 28)","(69, 34)","(91, 34)","(27, 38)","(60, 98)","(61, 39)","(79, 20)","(95, 59)","(39, 5)","(22, 65)","(7, 80)","(49, 28)","(55, 13)","(29, 28)","(27, 0)","(7, 31)","(26, 44)","(9, 71)","(90, 59)","(43, 14)","(5, 33)","(68, 74)","(50, 38)","(34, 63)","(35, 92)","(62, 76)","(23, 5)","(83, 1)","(3, 5)","(69, 8)","(89, 23)","(71, 45)","(93, 14)","(37, 28)","(70, 28)","(2, 64)","(11, 70)","(99, 44)","(87, 1)","(38, 8)","(10, 28)","(93, 44)","(22, 57)"
"((1, 28), (77, 57), (67, 4))","(46, 88)","(96, 40)","(18, 78)","(73, 81)","(28, 0)","(10, 61)","(3, 25)","(85, 70)","(35, 57)","(98, 64)","(60, 37)","(78, 52)","(70, 48)","(56, 6)","(9, 47)","(78, 9)","(73, 89)","(99, 73)","(32, 51)","(56, 76)","(27, 64)","(77, 19)","(26, 41)","(64, 31)","(15, 56)","(32, 72)","(43, 11)","(42, 13)","(33, 71)","(22, 43)","(50, 29)","(71, 67)","(74, 29)","(29, 9)","(24, 83)","(87, 66)","(29, 76)","(80, 63)","(93, 54)","(43, 47)","(89, 75)","(28, 1)","(6, 92)","(18, 91)","(50, 7)","(16, 54)","(29, 45)","(17, 77)","(17, 83)","(48, 58)"
"((42, 39), (44, 36), (62, 17))","(42, 51)","(80, 13)","(89, 34)","(64, 41)","(46, 63)","(69, 92)","(43, 12)","(45, 98)","(15, 66)","(70, 42)","(41, 30)","(51, 92)","(80, 49)","(91, 43)","(44, 96)","(52, 36)","(12, 58)","(0, 38)","(52, 99)","(34, 70)","(15, 96)","(88, 53)","(61, 75)","(31, 95)","(75, 16)","(62, 49)","(35, 68)","(4, 32)","(74, 81)","(7, 3)","(17, 96)","(64, 6)","(56, 63)","(28, 56)","(46, 37)","(57, 95)","(63, 26)","(23, 14)","(25, 94)","(20, 21)","(84, 33)","(0, 61)","(77, 24)","(57, 61)","(16, 57)","(2, 12)","(48, 3)","(71, 8)","(10, 92)","(73, 69)"
